﻿<?xml version="1.0" encoding="utf-8"?>
<SingleAsset xmlns:xsi="http://www.w3.org/2001/XMLSchema-instance" xmlns:xsd="http://www.w3.org/2001/XMLSchema">
  <bundleName>teacher</bundleName>
  <assetList>
    <Assets>
      <assetName>书架.prefab</assetName>
    </Assets>
    <Assets>
      <assetName>交通信号灯.prefab</assetName>
    </Assets>
    <Assets>
      <assetName>创意指纹灯.prefab</assetName>
    </Assets>
    <Assets>
      <assetName>压书器.prefab</assetName>
    </Assets>
    <Assets>
      <assetName>喂鸟器.prefab</assetName>
    </Assets>
    <Assets>
      <assetName>多功能饺子盘.prefab</assetName>
    </Assets>
    <Assets>
      <assetName>打翻的水杯.prefab</assetName>
    </Assets>
    <Assets>
      <assetName>晾鞋神器.prefab</assetName>
    </Assets>
    <Assets>
      <assetName>灯底座.prefab</assetName>
    </Assets>
    <Assets>
      <assetName>肥皂架.prefab</assetName>
    </Assets>
    <Assets>
      <assetName>节能学校.prefab</assetName>
    </Assets>
    <Assets>
      <assetName>香蕉切片器.prefab</assetName>
    </Assets>
    <Assets>
      <assetName>龙灯.prefab</assetName>
    </Assets>
  </assetList>
</SingleAsset>